{
    "faces":[33,0,1,2,3,0,0,0,0,33,4,7,6,5,1,1,1,1,33,0,4,5,1,2,2,2,2,33,1,5,6,2,3,3,3,3,33,2,6,7,3,4,4,4,4,33,4,0,3,7,5,5,5,5],
    "name":"CubeGeometry",
    "uvs":[],
    "metadata":{
        "faces":6,
        "uvs":0,
        "generator":"io_three",
        "type":"Geometry",
        "vertices":8,
        "version":3,
        "normals":6
    },
    "vertices":[1.22731,-1.53672,2.45634,1.94718,0.860553,1.10609,0.406592,0.860553,1.10609,1.12647,-0.742178,-0.244165,1.9648,-0.549232,-0.794276,2.20667,0.937078,-0.543374,-0.135494,0.193812,-1.34408,0.298476,-1.13945,-0.89391],
    "normals":[-0.854531,-0,0.519401,0.235454,-0.052544,-0.970464,0.968347,-0.196088,0.154443,-0.160536,0.978458,-0.1298,-0.752813,-0.444649,0.485345,0.126366,-0.98038,-0.151286]
}